objectid,title,date,date-is-approximate?,creator,recipient,description,item_information,subject,location,latitude,longitude,related_publication,publisher-digital,source,findingaid,original-identifier,rights,rightsstatement,type,format,language,relation,filename,identifier,display_template,object_location,image_small,image_thumb,image_alt_text,object_transcript
W_9428,Untitled,2015,yes,Warlimpirrnga Tjapaltjarri,,"“Warlimpirrnga Tjapaltjarri lived a nomadic existence untouched by European contact until 1984, when he and eight other family members walked in from the Gibson Desert to the remote community of Kiwirrkurra in Western Australia. With the art movement in this region having begun over ten years prior, Warlimpirrnga entered into this stream of artists with a great measure of reverence and respect. Almost immediately, his paintings had the resolve and strength of the veteran and most senior Papunya Tula artists. His depiction of the sites and narratives of his homelands around Lake Mackay, a vast salt lake, draws from the ancestral realm and the power of these places.” (Vanessa Merlino and Luke Scholes, 60 over 50: 60 Paintings from 50 Years of Australian First Nations Art, 2023, p. 22)",Painting,,,,,,,"Two Collections, Collection of Steve Martin and Anne Stringfield",,,Education use,https://rightsstatements.org/vocab/InC-EDU/1.0/,Image;StillImage,image/jpeg,eng,,Warlimpirrnga_Tjapaltjarri_Untitled_2015.jpg,,image,https://twocollections.com/artists/40-warlimpirrnga-tjapaltjarri/works/9428-warlimpirrnga-tjapaltjarri-untitled-2015/,https://kommodo.ai/i/P9f8jM63WId7mbKVN0z2,https://kommodo.ai/i/P9f8jM63WId7mbKVN0z2,,
W_9429,Untitled,2017,yes,Warlimpirrnga Tjapaltjarri,,"""This painting depicts designs associated with the salt lake site of Wilkinkarra (Lake Mackay) in Western Australia. In mythological times two Tingari Men travelled Wilkinkarra from the soakage water site of Marawa in the west. When the men arrived at Wilkinkarra they lit a large fire in order to flush out the malu (kangaroo). They later entered the earth and continued their travels underground towards the east. This story forms part of the Tingari Cycle. Since events associated with the Tingari Cycle are of a secret nature no further detail was given. Generally, the Tingari are a group of ancestral beings of the Dreaming who travelled over vast stretches of the country, performing rituals and creating and shaping particular sites. The Tingari men were usually followed by Tingari women and were accompanied by novices, and their travels and adventures are enshrined in a number of song cycles. These ancestral stories form part of the teachings of the post initiatory youths today as well as providing explanations for contemporary customs."" (Papunya Tula Artists, cat. no. WT1710031)",Painting,,,,,,,"Two Collections, Collection of Steve Martin and Anne Stringfield",,,Education use,https://rightsstatements.org/vocab/InC-EDU/1.0/,Image;StillImage,image/jpeg,eng,,Warlimpirrnga_Tjapaltjarri_Untitled_2017.jpg,,image,https://twocollections.com/artists/40-warlimpirrnga-tjapaltjarri/works/9429-warlimpirrnga-tjapaltjarri-untitled-2017/,https://kommodo.ai/i/zCVzgkBUxG7JNoHt2pHa,https://kommodo.ai/i/zCVzgkBUxG7JNoHt2pHa,,
W_9368,Untitled,2016,yes,Yukultji Napangati,,"""This painting depicts designs associated with the site of Marrapinti, west of the Kiwirrkura Community and the Pollock Hills in Western Australia. A large group of ancestral women camped at this rockhole before continuing their travels further east, passing through Wala Wala, Kiwirrkura and Ngaminya. The sinuous lines that culminate in a roundel represent the creek and cave at Marrapinti, as well as the surrounding tali (sandhills)."" — Papunya Tula Artists",Painting,,,,,,,"Two Collections, Collection of Steve Martin and Anne Stringfield",,,Education use,https://rightsstatements.org/vocab/InC-EDU/1.0/,Image;StillImage,image/jpeg,eng,,Yukultji_Napangati_Untitled_2016.jpg,,image,https://twocollections.com/artworks/categories/2/9368-yukultji-napangati-untitled-2016/,https://kommodo.ai/i/NFMdpbdkSA3GiIFa5C87,https://kommodo.ai/i/NFMdpbdkSA3GiIFa5C87,,
W_9457,Untitled,2018,yes,Yukultji Napangati,,,Painting,,,,,,,"Two Collections, Collection of Steve Martin and Anne Stringfield",,,Education use,https://rightsstatements.org/vocab/InC-EDU/1.0/,Image;StillImage,image/jpeg,eng,,Yukultji_Napangati_Untitled_2018.jpg,,image,https://twocollections.com/artists/36-yukultji-napangati/works/9457-yukultji-napangati-untitled-2018/,https://kommodo.ai/i/TcCLQVWihbhmkVjVYuRD,https://kommodo.ai/i/TcCLQVWihbhmkVjVYuRD,,
W_9522,Untitled,2017,yes,Yukultji Napangati,,,Painting,,,,,,,"Two Collections, Collection of Steve Martin and Anne Stringfield",,,Education use,https://rightsstatements.org/vocab/InC-EDU/1.0/,Image;StillImage,image/jpeg,eng,,Yukultji_Napangati_Untitled_2017.jpg,,image,https://twocollections.com/artworks/categories/2/9522-yukultji-napangati-untitled-2017/,https://kommodo.ai/i/AF4rpWT7xnM3lX1XQV6m,https://kommodo.ai/i/AF4rpWT7xnM3lX1XQV6m,,
W_9503,Lake Baker,2020,yes,Timo Hogan,,,Painting,,,,,,,"Two Collections, Collection of Steve Martin and Anne Stringfield",,,Education use,https://rightsstatements.org/vocab/InC-EDU/1.0/,Image;StillImage,image/jpeg,eng,,Timo_Hogan_Lake Baker_2020.jpg,,image,https://twocollections.com/artworks/categories/2/9503-timo-hogan-lake-baker-2020/,https://kommodo.ai/i/Y3l6kAYl5YEkcWto4zIw,https://kommodo.ai/i/Y3l6kAYl5YEkcWto4zIw,,
W_9513,Untitled- Wilkinkarra,2013,yes,Bobby West Tjupurrula,,"""This painting depicts designs associated with the lake site of Wilkinkarra (Lake Mackay) and rockhole site of Pinari. In ancestral times a large group of Tingarri Men travelled to these sites from Yunala, west of Kiwirrkurra, to perform the dances and sing the songs associated with the region. The lower lines in this painting depict the sandhills the men passed on their journey from Yunala, while the upper canvas is dominated by the shape of Wilkinkarra. Just below this shape sits the rockhole site of Pinari. Since events associated with the Tingarri Cycle are of a secret nature no further detail was given...These stories form part of the teachings of the post initiatory youths today as well as providing explanations for contemporary customs.""
— Papunya Tula Artists",Painting,,,,,,,"Two Collections, Collection of Steve Martin and Anne Stringfield",,,Education use,https://rightsstatements.org/vocab/InC-EDU/1.0/,Image;StillImage,image/jpeg,eng,,Bobby_West_Wilkinkarra_2013.jpg,,image,https://twocollections.com/artworks/categories/2/9513-bobby-west-tjupurrula-untitled-wilkinkarra-2013/,https://kommodo.ai/i/rom72U9FIDs3WPmBOS13,https://kommodo.ai/i/rom72U9FIDs3WPmBOS13,,
W_9512,Kirriwirri,2024,yes,Daniel Walbidi,,,Painting,,,,,,,"Two Collections, Collection of Steve Martin and Anne Stringfield",,,Education use,https://rightsstatements.org/vocab/InC-EDU/1.0/,Image;StillImage,image/jpeg,eng,,Daniel_Walbidi_Kirriwirri_2024.jpg,,image,https://twocollections.com/artworks/categories/2/9512-daniel-walbidi-kirriwirri-2024/,https://kommodo.ai/i/6adtJypkl6D8qbyxxBuq,https://kommodo.ai/i/6adtJypkl6D8qbyxxBuq,,
W_9440,Untitled,2008,yes,Yinarupa Nangala,,"""This painting depicts designs associated with the rockhole site of Mukula, east of Jupiter Well in Western Australia. The lines running through the centre of the painting depict the tali (sandhills) surrounding the site whilst the two large roundels represent the rockholes at Mukula itself. During ancestral times a large group of women came from the west and stopped at this site to perform the ceremonies associated with the area. The women, represented in the painting by the small 'U' shapes, later continued their travels towards the east, passing through Ngaminya, Kiwirrkura and Wirrulnga on their way to Wilkinkarra (Lake Mackay). As the women travelled they gathered a variety of bush foods including kampurarrpa berries (desert raisin) and pura (bush tomato)… The various shapes in the painting represent the features of the country through which the women travelled.""",Painting,,,,,,,"Two Collections, Collection of Steve Martin and Anne Stringfield",,,Education use,https://rightsstatements.org/vocab/InC-EDU/1.0/,Image;StillImage,image/jpeg,eng,,Yinarupa_Nangala_Untitled_2008.jpg,,image,https://twocollections.com/artworks/categories/2/9440-yinarupa-nangala-untitled-2008/,https://kommodo.ai/i/vUk7idsiiimsexVTobtH,https://kommodo.ai/i/vUk7idsiiimsexVTobtH,,
W_9509,Bush Plum,2002,yes,Angelina Pwerle,,,Painting,,,,,,,"Two Collections, Collection of Steve Martin and Anne Stringfield",,,Education use,https://rightsstatements.org/vocab/InC-EDU/1.0/,Image;StillImage,image/jpeg,eng,,Angelina_Pwerle_Bush_Plum_2002.jpg,,image,https://twocollections.com/artworks/categories/2/9509-angelina-pwerle-bush-plum-2002/,https://kommodo.ai/i/l8IiWXL3u0lSNsqUaRk1,https://kommodo.ai/i/l8IiWXL3u0lSNsqUaRk1,,
W_9504,Bush Plum,2010,yes,Angelina Pwerle,,,Painting,,,,,,,"Two Collections, Collection of Steve Martin and Anne Stringfield",,,Education use,https://rightsstatements.org/vocab/InC-EDU/1.0/,Image;StillImage,image/jpeg,eng,,Angelina_Pwerle_Bush_Plum_2010.jpg,,image,https://twocollections.com/artworks/categories/2/9504-angelina-pwerle-bush-plum-2010/,https://kommodo.ai/i/cuggdQoqLdKUwDElDoaf,https://kommodo.ai/i/cuggdQoqLdKUwDElDoaf,,
W_9376,Untitled - Kirrimalunya,2007,yes,George Tjungurrayi,,"“As one of the younger of the early members of Papunya Tula Artists, George Tjungurrayi started painting in the dotted Tingari style he adopted under his seniors’ direction in 1976. The acrylic painting movement had yielded myriad possibilities for contemporary representations of Country; however, George Tjungurrayi pushed the painting technique further when, in the 1990s, he abandoned the practice of dotting altogether and developed intricate topographical maps that are reminiscent of Minimalism and Op Art. His precise, refined linework, meticulously applied in the same way as incising fine parallel lines in ceremonial woodcarving, is a stylistic innovation that remains influential in Western Desert Art.” (Vanessa Merlino and Luke Scholes, 60 over 50: 60 Paintings from 50 Years of Australian First Nations Art, 2023, p. 18)",Painting,,,,,,,"Two Collections, Collection of Steve Martin and Anne Stringfield",,,Education use,https://rightsstatements.org/vocab/InC-EDU/1.0/,Image;StillImage,image/jpeg,eng,,George_Tjungurrayi_Untitled-Kirrimalunya_2007.jpg,,image,https://twocollections.com/artworks/categories/2/9376-george-tjungurrayi-untitled-kirrimalunya-2007/,https://kommodo.ai/i/dFnhq0OBBc4fb7DllFzO,https://kommodo.ai/i/dFnhq0OBBc4fb7DllFzO,,
W_9433,Untitled,2008,yes,George Tjungurrayi,,"“As one of the younger of the early members of Papunya Tula Artists, George Tjungurrayi started painting in the dotted Tingari style he adopted under his seniors’ direction in 1976. The acrylic painting movement had yielded myriad possibilities for contemporary representations of Country; however, George Tjungurrayi pushed the painting technique further when, in the 1990s, he abandoned the practice of dotting altogether and developed intricate topographical maps that are reminiscent of Minimalism and Op Art. His precise, refined linework, meticulously applied in the same way as incising fine parallel lines in ceremonial woodcarving, is a stylistic innovation that remains influential in Western Desert Art.” (Vanessa Merlino and Luke Scholes, 60 over 50: 60 Paintings from 50 Years of Australian First Nations Art, 2023, p. 18)",Painting,,,,,,,"Two Collections, Collection of Steve Martin and Anne Stringfield",,,Education use,https://rightsstatements.org/vocab/InC-EDU/1.0/,Image;StillImage,image/jpeg,eng,,George_Tjungurrayi_Untitled_2008.jpg,,image,https://twocollections.com/artworks/categories/2/9433-george-tjungurrayi-untitled-2008/,https://kommodo.ai/i/Wk9RcTN3zL3odppUGW8m,https://kommodo.ai/i/Wk9RcTN3zL3odppUGW8m,,
W_9427,Swamp with Rockhole Water Site of Marawa,2004,yes,Warlimpirrnga Tjapaltjarri,,"""This painting depicts designs associated with Marawa, a swamp with rockhole and soakage water, on the west side of Wilkinkarra (Lake Mackay). In mythological times a large group of Tingari Men travelled to this site from the west. After arriving at Marawa the men passed into the ground, continuing their journey underground. Since events associated with the Tingari Cycle are of a secret nature no further detail was given. Generally, the Tingari are a group of mythical characters of the Dreaming who travelled over vast stretches of the country, performing rituals and creating and shaping particular sites. The Tingari Men were usually followed by Tingari Women and accompanied by novices and their travels and adventures are enshrined in a number of song cycles. These mythologies form part of the teachings of the post initiatory youths today as well as providing explanations for contemporary customs."" (Papunya Tula Artists,  cat. no. WT0407187)",Painting,,,,,,,"Two Collections, Collection of Steve Martin and Anne Stringfield",,,Education use,https://rightsstatements.org/vocab/InC-EDU/1.0/,Image;StillImage,image/jpeg,eng,,Warlimpirrnga_Tjapaltjarri_Swamp-with-Rockhole-Water-Site-of-Marawa_2004.jpg,,image,https://twocollections.com/artworks/categories/2/9427-warlimpirrnga-tjapaltjarri-swamp-with-rockhole-water-site-of-marawa-2004/,https://kommodo.ai/i/FGy9icT5n6lghcBvv5hr,https://kommodo.ai/i/FGy9icT5n6lghcBvv5hr,,
W_9367,Maruwa,2013,yes,Warlimpirrnga Tjapaltjarri,,"“Warlimpirrnga Tjapaltjarri lived a nomadic existence untouched by European contact until 1984, when he and eight other family members walked in from the Gibson Desert to the remote community of Kiwirrkurra in Western Australia. With the art movement in this region having begun over ten years prior, Warlimpirrnga entered into this stream of artists with a great measure of reverence and respect. Almost immediately, his paintings had the resolve and strength of the veteran and most senior Papunya Tula artists. His depiction of the sites and narratives of his homelands around Lake Mackay, a vast salt lake, draws from the ancestral realm and the power of these places.” (Vanessa Merlino and Luke Scholes, 60 over 50: 60 Paintings from 50 Years of Australian First Nations Art, 2023, p. 22)

""The designs in this painting relate to a place called Maruwa, where there is a swamp, a soakage and a rockhole. In the Dreaming, a large group of ancestral men known as the Tingarri ancestors traveled to Maruwa from the west, and after arriving there, they entered beneath the earth’s surface and continued their travels underground. Maruwa is also significant because a large ancestral snake sleeps in the swamp."" (Henry Skerritt)",Painting,,,,,,,"Two Collections, Collection of Steve Martin and Anne Stringfield",,,Education use,https://rightsstatements.org/vocab/InC-EDU/1.0/,Image;StillImage,image/jpeg,eng,,Warlimpirrnga_Tjapaltjarri_Maruwa_2013.jpg,,image,https://twocollections.com/artists/40-warlimpirrnga-tjapaltjarri/works/9367-warlimpirrnga-tjapaltjarri-maruwa-2013/,https://kommodo.ai/i/ZA4eJHD3v1WGUrIWKwym,https://kommodo.ai/i/ZA4eJHD3v1WGUrIWKwym,,